{"cameraMode":{"drawMode":0,"name":"Shaded","section":"Shading Mode"},"sceneLighting":true,"audioPlay":false,"sceneViewState":{"m_AlwaysRefresh":false,"showFog":true,"showSkybox":true,"showFlares":true,"showImageEffects":true,"showParticleSystems":true,"showVisualEffectGraphs":true,"m_FxEnabled":false},"in2DMode":false,"pivot":{"x":958.6611938476563,"y":609.535400390625,"z":6.2901763916015629},"rotation":{"x":-0.010498400777578354,"y":-0.015896806493401529,"z":-0.00016700538981240243,"w":0.9998207688331604},"size":121.85163879394531,"orthographic":false}